x RMSE, y RMSE, vx RMSE, vy RMSE, NIS, Sensor
0.287757, 0.0196602, 5.19994, 0, 0,0
0.215112, 0.0388934, 3.95371, 0.00127057, 73.7073,1
0.175921, 0.0570007, 3.36569, 1.41621, 0.591695,0
0.162927, 0.0550065, 3.07432, 1.29948, 2.06669,1
0.145797, 0.0537358, 2.88871, 1.16965, 0.404008,0
0.13402, 0.0526707, 2.65527, 1.07917, 6.18335,1
0.124124, 0.0510023, 2.47425, 1.00488, 0.455912,0
0.116861, 0.0483336, 2.31645, 0.940803, 5.14631,1
0.110513, 0.046943, 2.18576, 0.887964, 0.0321606,0
0.105059, 0.0458132, 2.0747, 0.842488, 0.07493,1
0.101273, 0.0447838, 1.97877, 0.803339, 1.06284,0
0.0971755, 0.0476347, 1.89528, 0.79819, 1.57912,1
0.0935844, 0.0688791, 1.82154, 0.860068, 2.49862,0
0.0908515, 0.0726741, 1.75702, 0.851072, 3.50211,1
0.0889541, 0.0769107, 1.69903, 0.841031, 0.216929,0
0.0871232, 0.077459, 1.64547, 0.821223, 1.39932,1
0.0847971, 0.0753247, 1.59645, 0.797214, 10.8757,0
0.0828324, 0.0732231, 1.55202, 0.774789, 1.13305,1
0.0806327, 0.0713617, 1.51073, 0.754358, 3.21643,0
0.0786107, 0.0697846, 1.4726, 0.73566, 1.85971,1
0.0774361, 0.0684497, 1.43751, 0.718574, 1.83963,0
0.075945, 0.0717245, 1.40447, 0.708672, 3.75905,1
0.0744582, 0.070514, 1.37364, 0.693686, 3.10176,0
0.0729771, 0.069217, 1.34484, 0.679448, 0.199958,1
0.0715118, 0.0686941, 1.31779, 0.666925, 0.249326,0
0.0701495, 0.0699603, 1.29318, 0.657088, 1.9124,1
0.069617, 0.0692463, 1.27043, 0.645715, 2.17753,0
0.0683866, 0.0691207, 1.24756, 0.635302, 5.3793,1
0.067224, 0.0716762, 1.2259, 0.627882, 0.678821,0
0.0661714, 0.0750419, 1.20549, 0.621818, 2.1702,1
0.0654219, 0.0796353, 1.18611, 0.617142, 0.2435,0
0.0644535, 0.0812121, 1.16779, 0.609643, 6.28519,1
0.063633, 0.0821832, 1.15021, 0.601971, 0.579412,0
0.0627338, 0.0833669, 1.13368, 0.594818, 6.76584,1
0.0618327, 0.0852851, 1.11775, 0.588566, 0.642234,0
0.0612168, 0.0862305, 1.10283, 0.581758, 4.23005,1
0.0612705, 0.0853923, 1.0887, 0.573954, 2.87575,0
0.0612153, 0.0843131, 1.07429, 0.566408, 4.75381,1
0.0606351, 0.0832261, 1.06043, 0.559111, 1.14142,0
0.059912, 0.0821921, 1.04773, 0.552132, 2.69273,1
0.0592288, 0.0813084, 1.0356, 0.545809, 1.02707,0
0.0585368, 0.0806648, 1.02322, 0.539792, 2.53634,1
0.0582933, 0.0805029, 1.01127, 0.53448, 2.1447,0
0.0578575, 0.080917, 0.999722, 0.530076, 0.614894,1
0.0572912, 0.0818142, 0.988561, 0.526263, 0.241849,0
0.056977, 0.0824621, 0.978038, 0.521877, 1.49319,1
0.0567801, 0.0850703, 0.967936, 0.519367, 0.63184,0
0.0570316, 0.0886842, 0.958892, 0.517423, 0.598246,1
0.0566802, 0.0905963, 0.949697, 0.514056, 3.27365,0
0.057053, 0.0919412, 0.94206, 0.50994, 2.51824,1
0.0569229, 0.0922391, 0.934072, 0.505284, 2.6479,0
0.0563783, 0.0919709, 0.925049, 0.500885, 11.1335,1
0.0558881, 0.0916051, 0.916295, 0.496481, 0.928769,0
0.0553875, 0.091324, 0.907777, 0.492288, 0.135608,1
0.0549266, 0.0906288, 0.899499, 0.487857, 0.742805,0
0.0548095, 0.0899827, 0.89203, 0.483483, 1.22637,1
0.0545313, 0.0900805, 0.884684, 0.479626, 2.26198,0
0.0544956, 0.0896973, 0.878051, 0.4755, 3.39793,1
0.0544638, 0.0889346, 0.871405, 0.471634, 1.07531,0
0.0544204, 0.0882506, 0.864326, 0.46783, 2.76083,1
0.0545056, 0.0880296, 0.85741, 0.464607, 0.587829,0
0.0546838, 0.087678, 0.850649, 0.461148, 1.0122,1
0.055271, 0.0872807, 0.844154, 0.457654, 0.18631,0
0.0557615, 0.0869073, 0.837549, 0.454069, 1.39815,1
0.0562182, 0.0871213, 0.831094, 0.450739, 0.456657,0
0.0571159, 0.087435, 0.8249, 0.447591, 0.69214,1
0.0576623, 0.0878017, 0.818803, 0.444462, 0.505605,0
0.057649, 0.0882027, 0.812999, 0.441214, 3.05038,1
0.0573767, 0.0899691, 0.807432, 0.438137, 0.979637,0
0.0570744, 0.0912372, 0.801914, 0.435026, 1.38468,1
0.0566815, 0.0926309, 0.796562, 0.431992, 0.144867,0
0.0562866, 0.0933585, 0.791354, 0.429009, 2.61086,1
0.0559418, 0.0931724, 0.786042, 0.42652, 1.13123,0
0.0555675, 0.0929055, 0.780958, 0.424437, 0.513555,1
0.0552335, 0.0927944, 0.775858, 0.422086, 1.08017,0
0.0549114, 0.0927997, 0.770772, 0.419507, 0.978424,1
0.0545644, 0.093736, 0.765858, 0.416778, 1.07852,0
0.0542534, 0.0947872, 0.761074, 0.414099, 0.292559,1
0.0539318, 0.0947155, 0.756288, 0.411817, 1.2175,0
0.0535943, 0.0947017, 0.751566, 0.40928, 0.780411,1
0.0538, 0.0941698, 0.747256, 0.407378, 3.61443,0
0.0536281, 0.0935938, 0.742715, 0.406941, 3.46978,1
0.0533074, 0.093328, 0.738227, 0.404981, 1.97722,0
0.0530133, 0.0929655, 0.73386, 0.402959, 0.273299,1
0.0527318, 0.0926367, 0.729537, 0.400882, 1.29471,0
0.0524712, 0.0922419, 0.725343, 0.398689, 2.10669,1
0.0522331, 0.0917862, 0.721286, 0.397561, 3.02567,0
0.0519857, 0.0915008, 0.717309, 0.397061, 0.409012,1
0.0519627, 0.0917019, 0.713908, 0.397295, 4.01929,0
0.0519235, 0.0921861, 0.710419, 0.398396, 0.85164,1
0.0526506, 0.0924905, 0.707424, 0.398454, 3.47905,0
0.053071, 0.0932706, 0.70406, 0.400364, 2.08985,1
0.0537985, 0.0936899, 0.700869, 0.400731, 1.26549,0
0.0545873, 0.0938509, 0.697905, 0.399601, 7.51896,1
0.0552191, 0.0935131, 0.694785, 0.397659, 1.24991,0
0.0554367, 0.0932751, 0.691362, 0.396309, 2.86831,1
0.0558619, 0.0928071, 0.687975, 0.39435, 2.27398,0
0.0561794, 0.0923364, 0.684602, 0.392336, 4.89804,1
0.056606, 0.0918716, 0.681305, 0.390354, 0.00103229,0
0.0563725, 0.0914121, 0.677919, 0.388991, 10.2889,1
0.0566234, 0.0909592, 0.674562, 0.387493, 4.76351,0
0.0570733, 0.090513, 0.671357, 0.385589, 3.83771,1
0.0572252, 0.0902735, 0.668101, 0.384021, 1.08037,0
0.0570324, 0.0899531, 0.664937, 0.382192, 3.20375,1
0.0571499, 0.0896099, 0.661764, 0.3804, 1.84404,0
0.0573988, 0.0892087, 0.658637, 0.378731, 2.0289,1
0.0575322, 0.0888001, 0.655553, 0.3773, 0.872877,0
0.0576004, 0.0884096, 0.652514, 0.37573, 1.32651,1
0.0577705, 0.0880134, 0.649515, 0.374009, 1.45402,0
0.0578614, 0.0876135, 0.646556, 0.372439, 0.801485,1
0.0578299, 0.0872598, 0.643655, 0.37076, 0.471412,0
0.0576914, 0.0868935, 0.640811, 0.369105, 1.37301,1
0.0574536, 0.0866939, 0.638255, 0.367535, 1.21784,0
0.0572145, 0.0864197, 0.635618, 0.365991, 3.35141,1
0.0570748, 0.0860717, 0.632853, 0.364396, 2.15844,0
0.0568283, 0.0857057, 0.630218, 0.363757, 7.71823,1
0.0569393, 0.0855489, 0.627533, 0.363996, 2.89903,0
0.0571711, 0.0856422, 0.624909, 0.364319, 1.17667,1
0.0572306, 0.0856406, 0.622281, 0.364016, 0.252072,0
0.0573624, 0.0857491, 0.619701, 0.363265, 1.78833,1
0.0574896, 0.0862141, 0.617165, 0.362795, 0.35566,0
0.0576801, 0.0869512, 0.614675, 0.362475, 0.20295,1
0.0576444, 0.0873309, 0.612171, 0.361539, 0.497774,0
0.0574605, 0.0878522, 0.609759, 0.361276, 6.83817,1
0.0573438, 0.0877062, 0.607926, 0.360054, 2.14563,0
0.0571165, 0.0875179, 0.605631, 0.358631, 5.84156,1
0.0574253, 0.0872452, 0.603911, 0.357224, 3.6241,0
0.0576344, 0.0869471, 0.601903, 0.355922, 2.30551,1
0.05756, 0.0866806, 0.599668, 0.35457, 1.05294,0
0.0575904, 0.0865458, 0.597481, 0.353229, 2.07146,1
0.0573741, 0.0868594, 0.595204, 0.352213, 1.0933,0
0.0572422, 0.0871377, 0.593065, 0.351099, 6.59931,1
0.0570268, 0.0871223, 0.590834, 0.349791, 0.606605,0
0.0568138, 0.0873106, 0.588633, 0.34858, 1.74043,1
0.0566666, 0.0877841, 0.586541, 0.347513, 0.220644,0
0.0566273, 0.0880437, 0.584527, 0.346296, 3.0958,1
0.056445, 0.0885658, 0.58244, 0.345138, 2.72007,0
0.0562654, 0.0888898, 0.580348, 0.343917, 3.26616,1
0.0561064, 0.08885, 0.578296, 0.342706, 0.745211,0
0.0560283, 0.0892309, 0.576287, 0.341533, 10.1238,1
0.0559683, 0.0893964, 0.574315, 0.340327, 0.703728,0
0.0557939, 0.0895572, 0.572298, 0.339127, 3.31544,1
0.0557715, 0.0893807, 0.570328, 0.338078, 1.08755,0
0.0558072, 0.0890795, 0.568392, 0.337358, 5.52257,1
0.0556279, 0.0887719, 0.566433, 0.33669, 2.05439,0
0.0554769, 0.0884716, 0.56449, 0.335862, 2.12238,1
0.0552982, 0.0881787, 0.562568, 0.335196, 0.61802,0
0.0551743, 0.0879027, 0.56069, 0.334503, 1.17548,1
0.0551219, 0.0876185, 0.558846, 0.333705, 0.665191,0
0.0551551, 0.0873427, 0.557089, 0.332837, 0.321551,1
0.0556681, 0.0870704, 0.555558, 0.331934, 1.38125,0
0.0564922, 0.0867836, 0.554351, 0.330853, 2.34536,1
0.0572555, 0.0865206, 0.552948, 0.32978, 0.286568,0
0.0579508, 0.0862444, 0.551434, 0.328713, 1.83334,1
0.0579385, 0.0859912, 0.549654, 0.327702, 2.24825,0
0.0580879, 0.0857253, 0.547937, 0.326694, 2.51986,1
0.0582636, 0.0854559, 0.546235, 0.325696, 0.120815,0
0.058413, 0.0851919, 0.544555, 0.324754, 0.979058,1
0.0584753, 0.0850824, 0.542844, 0.324121, 1.96498,0
0.0585688, 0.0851154, 0.541147, 0.323719, 1.09008,1
0.0584335, 0.0852747, 0.539518, 0.323488, 0.65016,0
0.0583532, 0.0857647, 0.537876, 0.323666, 4.18307,1
0.0581747, 0.0866564, 0.536445, 0.324237, 0.434168,0
0.0580016, 0.0874606, 0.535395, 0.324265, 5.36047,1
0.0579738, 0.0876756, 0.533849, 0.323719, 3.72968,0
0.0578987, 0.0878588, 0.53235, 0.32311, 1.00627,1
0.057757, 0.088147, 0.53126, 0.322575, 1.37082,0
0.0577421, 0.0882968, 0.530902, 0.321729, 1.82389,1
0.0582238, 0.0885024, 0.531073, 0.320898, 0.399253,0
0.0591489, 0.0887088, 0.531183, 0.320093, 1.38943,1
0.0591122, 0.0886763, 0.529986, 0.319181, 3.55902,0
0.0593258, 0.0887909, 0.528963, 0.318348, 4.20177,1
0.059172, 0.088986, 0.527505, 0.317553, 3.20048,0
0.0590355, 0.0892511, 0.526061, 0.316815, 0.0487625,1
0.0588699, 0.0895371, 0.524582, 0.316084, 0.150399,0
0.0587278, 0.0898475, 0.5231, 0.315497, 3.30064,1
0.0589395, 0.0899203, 0.521916, 0.314729, 2.92443,0
0.0592356, 0.0900018, 0.520628, 0.31391, 0.307255,1
0.0599765, 0.0900129, 0.519529, 0.313066, 0.267924,0
0.0607163, 0.0899628, 0.518277, 0.312196, 0.642774,1
0.0616758, 0.089857, 0.517076, 0.311333, 0.154239,0
0.0625259, 0.0896866, 0.515807, 0.310489, 3.0439,1
0.0640143, 0.0894675, 0.51475, 0.30968, 0.390342,0
0.0660105, 0.0893004, 0.514069, 0.308858, 1.55088,1
0.0668085, 0.0891484, 0.512776, 0.308047, 2.2174,0
0.0674677, 0.0890696, 0.51144, 0.307311, 1.83701,1
0.0680109, 0.0888871, 0.510086, 0.306512, 2.02993,0
0.0682173, 0.0886615, 0.508793, 0.305723, 4.58664,1
0.0680981, 0.0884464, 0.507776, 0.30493, 0.634257,0
0.06803, 0.0882398, 0.506544, 0.304147, 1.66852,1
0.0678722, 0.088012, 0.505446, 0.303353, 1.04153,0
0.0676984, 0.0877825, 0.504703, 0.302592, 1.05374,1
0.0678506, 0.0875561, 0.504696, 0.301853, 1.36929,0
0.0679214, 0.0873306, 0.503778, 0.30135, 7.0977,1
0.0677502, 0.087112, 0.5025, 0.300787, 2.75232,0
0.0676069, 0.0869232, 0.501523, 0.30002, 3.64454,1
0.0674648, 0.0867419, 0.500301, 0.299257, 1.19682,0
0.0673586, 0.0865476, 0.499036, 0.298634, 2.00732,1
0.0672257, 0.0865557, 0.497787, 0.297886, 6.28344,0
0.067066, 0.0864288, 0.496541, 0.297528, 2.39105,1
0.0669097, 0.0862811, 0.495309, 0.297206, 0.0155968,0
0.0667439, 0.0862173, 0.494293, 0.296472, 2.36318,1
0.0665833, 0.0862484, 0.493321, 0.295756, 0.515087,0
0.0664208, 0.0862557, 0.492432, 0.29512, 4.59633,1
0.0662616, 0.0861299, 0.491559, 0.294406, 2.23422,0
0.0661242, 0.0860853, 0.490895, 0.293844, 0.591334,1
0.06599, 0.086218, 0.489879, 0.293364, 1.80183,0
0.0658383, 0.0861959, 0.488781, 0.292694, 2.0776,1
0.0657405, 0.0861037, 0.487636, 0.292082, 0.640154,0
0.0656647, 0.0860753, 0.486521, 0.291387, 1.04848,1
0.0660489, 0.0859898, 0.485394, 0.290718, 1.94818,0
0.0663343, 0.0860604, 0.484253, 0.290184, 2.49161,1
0.0663167, 0.0861611, 0.48323, 0.28966, 0.513836,0
0.0662444, 0.0861277, 0.48218, 0.289015, 1.82888,1
0.06639, 0.0860567, 0.481063, 0.28841, 0.67974,0
0.0666238, 0.0858886, 0.479957, 0.288609, 1.84115,1
0.0665015, 0.0856922, 0.479368, 0.288785, 4.48541,0
0.0664121, 0.0854997, 0.478834, 0.289474, 0.436037,1
0.0662603, 0.0853249, 0.478025, 0.290264, 0.942087,0
0.066112, 0.0851381, 0.477446, 0.28997, 1.50842,1
0.0666781, 0.0849459, 0.478317, 0.289491, 3.94709,0
0.0673349, 0.0847544, 0.479412, 0.288839, 2.68868,1
0.0679531, 0.0845644, 0.480268, 0.288196, 0.364279,0
0.0685884, 0.0843859, 0.481041, 0.287575, 3.35036,1
0.0696296, 0.084241, 0.482117, 0.286987, 0.433425,0
0.0705598, 0.0841038, 0.482876, 0.286401, 2.77573,1
0.0706566, 0.0839395, 0.482447, 0.285774, 4.77265,0
0.0708895, 0.0838012, 0.482274, 0.285446, 2.09464,1
0.070768, 0.0836836, 0.481453, 0.285059, 2.97841,0
0.0706881, 0.0835413, 0.480612, 0.284443, 1.37641,1
0.0705399, 0.0833675, 0.47963, 0.283867, 1.01572,0
0.0703922, 0.0831906, 0.47864, 0.283563, 0.986579,1
0.0702512, 0.0830212, 0.477683, 0.283089, 2.18072,0
0.0701327, 0.0828719, 0.476808, 0.282487, 0.659816,1
0.0700865, 0.0827814, 0.476062, 0.28189, 0.807341,0
0.069965, 0.0826498, 0.475155, 0.281392, 2.44905,1
0.0698517, 0.0824826, 0.474267, 0.281158, 3.77683,0
0.0697808, 0.0823111, 0.473499, 0.280574, 2.04885,1
0.0696913, 0.0821388, 0.472696, 0.280012, 0.125839,0
0.0695459, 0.0819744, 0.471751, 0.279497, 2.73416,1
0.0694826, 0.0818042, 0.471015, 0.278928, 0.888083,0
0.0695933, 0.081679, 0.47054, 0.278388, 5.38497,1
0.0695533, 0.0815352, 0.469831, 0.277816, 0.866307,0
0.0694122, 0.0814113, 0.468912, 0.277444, 5.42033,1
0.0692963, 0.0812672, 0.467962, 0.276968, 0.45399,0
0.0691554, 0.0811496, 0.467065, 0.276422, 1.6581,1
0.0691038, 0.081203, 0.466421, 0.276057, 2.06805,0
0.0692612, 0.0814693, 0.466105, 0.276513, 2.94963,1
0.0695975, 0.0818212, 0.465936, 0.276892, 0.121326,0
0.06967, 0.0821, 0.46537, 0.276666, 4.36517,1
0.0696887, 0.082154, 0.464687, 0.27617, 2.15157,0
0.0696291, 0.0822042, 0.463899, 0.275877, 2.39603,1
0.0695195, 0.0821605, 0.463033, 0.275396, 0.866923,0
0.0694472, 0.0821145, 0.462219, 0.274863, 0.181529,1
0.069311, 0.0819618, 0.461313, 0.274432, 2.21492,0
0.0691886, 0.0818035, 0.46042, 0.273906, 2.21121,1
0.0692406, 0.0816704, 0.459687, 0.273598, 2.15035,0
0.0692394, 0.0815268, 0.458848, 0.2733, 1.35452,1
0.0691575, 0.0813692, 0.457961, 0.272815, 0.895956,0
0.0690739, 0.0812853, 0.457081, 0.272403, 4.12436,1
0.0689937, 0.0812025, 0.456206, 0.271955, 0.0208167,0
0.0690154, 0.0810769, 0.455356, 0.271449, 0.89437,1
0.0690564, 0.0809234, 0.454518, 0.270976, 1.22087,0
0.0690665, 0.0807726, 0.453661, 0.27052, 0.170179,1
0.0691481, 0.0806647, 0.45282, 0.270267, 0.504878,0
0.0692948, 0.0805363, 0.45204, 0.269858, 4.19938,1
0.069602, 0.0805336, 0.451329, 0.269832, 1.14161,0
0.0701037, 0.0805918, 0.450733, 0.269904, 0.390009,1
0.0702717, 0.0805471, 0.449944, 0.269519, 5.43132,0
0.0703826, 0.0804146, 0.449117, 0.269021, 1.14957,1
0.0703148, 0.0802666, 0.448304, 0.268597, 3.67274,0
0.0702447, 0.0803024, 0.447481, 0.268366, 5.47574,1
0.070122, 0.0803225, 0.446699, 0.268029, 1.5142,0
0.0700018, 0.0802998, 0.445997, 0.267565, 5.78201,1
0.0698877, 0.0802634, 0.44543, 0.267091, 1.46605,0
0.0697669, 0.0801182, 0.444774, 0.266659, 3.37745,1
0.0696414, 0.08004, 0.444075, 0.26648, 2.16147,0
0.069517, 0.0799288, 0.443278, 0.266, 5.66942,1
0.0693955, 0.079793, 0.442503, 0.265708, 1.61738,0
0.0693146, 0.0797588, 0.441803, 0.265773, 2.7323,1
0.0692039, 0.0796688, 0.441071, 0.265589, 1.20995,0
0.0690818, 0.0796725, 0.440296, 0.266382, 2.93397,1
0.0689694, 0.0798212, 0.439518, 0.267436, 0.300997,0
0.0688479, 0.0798535, 0.438744, 0.267572, 3.74147,1
0.0687398, 0.079831, 0.437975, 0.26747, 0.712807,0
0.0686684, 0.0797934, 0.437222, 0.267299, 1.21865,1
0.0685489, 0.0799941, 0.436467, 0.267605, 2.01352,0
0.0684308, 0.0802134, 0.435769, 0.267597, 0.361312,1
0.0683248, 0.0802811, 0.435099, 0.267339, 1.6005,0
0.0682157, 0.0805655, 0.434441, 0.267369, 4.31044,1
0.0680996, 0.0804831, 0.433742, 0.266924, 5.15554,0
0.0679857, 0.0804092, 0.433021, 0.266552, 0.538456,1
0.0678704, 0.0804097, 0.432303, 0.266296, 0.509201,0
0.0677566, 0.0804715, 0.431603, 0.266096, 0.382569,1
0.0676417, 0.0807353, 0.430907, 0.266173, 1.15503,0
0.067537, 0.0809657, 0.430445, 0.26582, 1.93633,1
0.0674893, 0.0812994, 0.430112, 0.265573, 0.252584,0
0.0674887, 0.0814216, 0.429975, 0.265134, 2.905,1
0.067435, 0.0815829, 0.4297, 0.264722, 1.97764,0
0.0674037, 0.081781, 0.429398, 0.264369, 0.287853,1
0.0674358, 0.0819757, 0.429154, 0.26404, 0.0471304,0
0.0676308, 0.0820082, 0.429215, 0.263604, 4.97868,1
0.0678764, 0.0818743, 0.429221, 0.263288, 3.64253,0
0.0681337, 0.0817459, 0.429004, 0.262862, 1.35121,1
0.0686995, 0.0816796, 0.428995, 0.262478, 0.782545,0
0.068995, 0.0816088, 0.428476, 0.262269, 7.11047,1
0.0691957, 0.0815562, 0.427895, 0.26209, 0.755731,0
0.0694323, 0.0815043, 0.427285, 0.261981, 0.749446,1
0.0694804, 0.0815591, 0.426611, 0.262047, 3.80199,0
0.0695018, 0.0815669, 0.425933, 0.261968, 1.75948,1
0.0694053, 0.0816484, 0.425256, 0.261941, 3.51873,0
0.069337, 0.081693, 0.424594, 0.261694, 1.43779,1
0.0694672, 0.0817772, 0.424045, 0.261547, 3.09175,0
0.06967, 0.0818139, 0.423543, 0.261323, 1.6888,1
0.0700875, 0.0817561, 0.423132, 0.261004, 2.79335,0
0.0706821, 0.0816652, 0.423041, 0.260599, 0.933478,1
0.0713152, 0.0815378, 0.422888, 0.26019, 0.579334,0
0.071819, 0.0814167, 0.422258, 0.259919, 2.89998,1
0.0724336, 0.0812923, 0.421647, 0.25956, 1.61525,0
0.0732305, 0.0811905, 0.421281, 0.259156, 1.48167,1
0.0735806, 0.0811125, 0.420699, 0.258771, 4.66916,0
0.0737682, 0.0810351, 0.420047, 0.258369, 2.74117,1
0.0739859, 0.0810927, 0.419396, 0.25802, 1.82245,0
0.0743475, 0.0813498, 0.418912, 0.257952, 3.35476,1
0.0747294, 0.0814988, 0.418409, 0.257714, 1.00783,0
0.0749347, 0.0816211, 0.417796, 0.257336, 2.70389,1
0.0751693, 0.0816064, 0.417173, 0.256955, 0.685971,0
0.0754562, 0.081588, 0.416542, 0.256568, 0.433633,1
0.0754948, 0.0818328, 0.41593, 0.256268, 2.02005,0
0.0754612, 0.0820164, 0.415344, 0.25593, 4.4511,1
0.0753688, 0.0819745, 0.414807, 0.255556, 5.17047,0
0.0752861, 0.0819648, 0.414188, 0.255173, 1.85448,1
0.0751848, 0.081869, 0.413566, 0.25482, 2.06589,0
0.0750804, 0.0818093, 0.412959, 0.254441, 1.99579,1
0.0749728, 0.0818588, 0.412348, 0.254077, 0.590334,0
0.0749127, 0.08196, 0.411805, 0.253717, 4.78545,1
0.0748022, 0.0822508, 0.411199, 0.253469, 1.80022,0
0.0746925, 0.0823408, 0.410627, 0.253097, 7.87565,1
0.074597, 0.0823989, 0.410085, 0.252723, 0.491421,0
0.0745167, 0.0824839, 0.409497, 0.252354, 1.66734,1
0.0744585, 0.0826971, 0.408924, 0.252017, 0.248433,0
0.0743906, 0.0829978, 0.408326, 0.251709, 0.536806,1
0.0742827, 0.0830197, 0.407773, 0.251377, 1.81921,0
0.0741767, 0.0830087, 0.40718, 0.251095, 1.81468,1
0.0740691, 0.0829595, 0.406596, 0.250867, 0.290021,0
0.0739635, 0.0829163, 0.406038, 0.250654, 3.84248,1
0.0738578, 0.0831856, 0.405508, 0.250296, 3.1453,0
0.0737517, 0.0835688, 0.404925, 0.249954, 1.16597,1
0.0736549, 0.0844959, 0.40435, 0.249889, 1.48754,0
0.0735636, 0.0858012, 0.403782, 0.25006, 4.98152,1
0.0735253, 0.0857718, 0.403277, 0.250049, 13.7156,0
0.0734671, 0.0856815, 0.402705, 0.250199, 1.69099,1
0.073413, 0.0856401, 0.402134, 0.250159, 0.777403,0
0.0733309, 0.0855889, 0.401568, 0.250115, 2.58698,1
0.0733074, 0.0854979, 0.401004, 0.250247, 1.01733,0
0.0732581, 0.0853918, 0.400441, 0.250431, 1.98759,1
0.0732981, 0.0853154, 0.399896, 0.251401, 1.15819,0
0.0734743, 0.085226, 0.399605, 0.252384, 5.68572,1
0.073695, 0.0851867, 0.399259, 0.253507, 0.0303898,0
0.0739034, 0.0851823, 0.398729, 0.254442, 2.34882,1
0.073961, 0.0852022, 0.398177, 0.255192, 1.63154,0
0.0740804, 0.0853116, 0.397633, 0.256174, 0.734573,1
0.0740136, 0.085202, 0.397119, 0.255871, 6.88548,0
0.0739638, 0.0850915, 0.396593, 0.255622, 3.55063,1
0.0738627, 0.0850545, 0.39605, 0.255276, 2.383,0
0.0737648, 0.0850194, 0.395595, 0.254957, 1.56419,1
0.0736655, 0.0849429, 0.395094, 0.254609, 0.739002,0
0.0735665, 0.0848827, 0.394645, 0.254272, 0.825602,1
0.0734722, 0.0847909, 0.394144, 0.254174, 2.07798,0
0.073379, 0.084689, 0.393624, 0.254023, 1.99799,1
0.0732815, 0.0846626, 0.393116, 0.253715, 3.24403,0
0.0731831, 0.0846234, 0.392588, 0.253381, 3.51698,1
0.0731844, 0.0845106, 0.392103, 0.25323, 5.08401,0
0.0732149, 0.0844, 0.391617, 0.253065, 0.311941,1
0.0731417, 0.0842959, 0.391095, 0.252737, 2.95316,0
0.0730793, 0.0842027, 0.390575, 0.252401, 1.86133,1
0.0730241, 0.084091, 0.390057, 0.252112, 0.274115,0
0.0729355, 0.0839819, 0.389579, 0.251798, 1.28963,1
0.0728401, 0.0838787, 0.389143, 0.251475, 0.594568,0
0.0727516, 0.0837697, 0.388838, 0.251145, 6.30553,1
0.0726623, 0.0837277, 0.388514, 0.250939, 0.59309,0
0.0725904, 0.0836955, 0.388283, 0.250703, 0.206782,1
0.0725487, 0.0835999, 0.388104, 0.250376, 0.429955,0
0.0725417, 0.0835074, 0.38774, 0.250081, 11.1064,1
0.0725634, 0.0834377, 0.38737, 0.249867, 1.54154,0
0.0725652, 0.0833876, 0.386884, 0.249607, 3.54382,1
0.0724841, 0.08342, 0.386388, 0.249423, 4.27211,0
0.0723918, 0.0835024, 0.385945, 0.249241, 0.528577,1
0.0723183, 0.0835342, 0.385588, 0.248957, 1.56635,0
0.0722445, 0.0835288, 0.385217, 0.248647, 1.42132,1
0.0721553, 0.0834535, 0.38479, 0.248751, 5.35902,0
0.0720633, 0.0833899, 0.384324, 0.248768, 1.09864,1
0.071973, 0.0834476, 0.383846, 0.249084, 0.7843,0
0.071883, 0.0835367, 0.38336, 0.249304, 2.1128,1
0.0717956, 0.0835335, 0.382884, 0.249214, 1.37335,0
0.0717265, 0.0835939, 0.382447, 0.249227, 1.56387,1
0.0716665, 0.0836689, 0.382019, 0.2492, 0.0122525,0
0.0715819, 0.0838429, 0.381555, 0.24927, 5.07091,1
0.0714924, 0.083894, 0.381086, 0.249068, 0.800321,0
0.0714041, 0.0839324, 0.380646, 0.248823, 2.31583,1
0.0713396, 0.0838283, 0.380291, 0.248595, 2.52409,0
0.0712745, 0.083724, 0.37996, 0.248368, 2.75741,1
0.0712064, 0.0837021, 0.379661, 0.248502, 1.03104,0
0.0711214, 0.0836917, 0.379259, 0.248509, 1.88321,1
0.0710385, 0.0838194, 0.378826, 0.248769, 2.4337,0
0.0709603, 0.0841157, 0.378361, 0.249145, 6.83777,1
0.0708787, 0.0842827, 0.377898, 0.249128, 0.421018,0
0.070816, 0.0843411, 0.377444, 0.248886, 8.78455,1
0.0707685, 0.084277, 0.377008, 0.24859, 0.597483,0
0.0707249, 0.0842038, 0.376567, 0.248298, 0.227879,1
0.0707128, 0.0841064, 0.376157, 0.248212, 0.696505,0
0.0707503, 0.0840238, 0.375824, 0.248229, 0.777902,1
0.0708063, 0.0839228, 0.375479, 0.248031, 0.29593,0
0.0708586, 0.0838228, 0.375057, 0.247775, 2.78584,1
0.0708823, 0.0838107, 0.374609, 0.247575, 1.51883,0
0.0709671, 0.0838284, 0.37417, 0.24739, 2.14581,1
0.0710699, 0.083775, 0.373741, 0.247102, 0.309793,0
0.0711669, 0.0837032, 0.373305, 0.246807, 1.12221,1
0.0715192, 0.0836058, 0.372959, 0.246617, 3.63712,0
0.0718843, 0.0835195, 0.372597, 0.246463, 0.558486,1
0.0720787, 0.0834202, 0.372168, 0.246199, 2.17127,0
0.0722128, 0.0833252, 0.371757, 0.246015, 8.91935,1
0.0724372, 0.0832368, 0.371368, 0.245854, 0.396478,0
0.0726109, 0.0831599, 0.370962, 0.245723, 2.30697,1
0.0726917, 0.0830621, 0.370527, 0.245463, 1.01564,0
0.0727128, 0.082966, 0.37012, 0.245196, 0.843224,1
0.0726686, 0.0828788, 0.369753, 0.244973, 1.20973,0
0.0726199, 0.0828202, 0.369428, 0.244819, 3.17756,1
0.0725612, 0.0828122, 0.369103, 0.244806, 0.0730415,0
0.0725585, 0.0828336, 0.368693, 0.245136, 4.35007,1
0.0725823, 0.0829258, 0.368293, 0.245572, 0.0435876,0
0.0727114, 0.0830804, 0.368007, 0.246186, 1.49434,1
0.0726813, 0.0830105, 0.367586, 0.246047, 4.71476,0
0.0726402, 0.0829981, 0.36718, 0.246082, 5.46808,1
0.0725647, 0.0829448, 0.366757, 0.245959, 1.01601,0
0.0724815, 0.0829296, 0.366357, 0.245883, 1.50492,1
0.0724022, 0.0829507, 0.365945, 0.245876, 0.322619,0
0.0723272, 0.0829871, 0.365762, 0.245783, 2.1366,1
0.0722449, 0.0829935, 0.365511, 0.245655, 2.1403,0
0.0721681, 0.082949, 0.365099, 0.245512, 5.83971,1
0.0720926, 0.082906, 0.364688, 0.245368, 0.0557134,0
0.0720416, 0.0828825, 0.364287, 0.245287, 1.63546,1
0.0719937, 0.0832692, 0.363919, 0.245979, 4.29095,0
0.0720077, 0.083641, 0.363877, 0.24675, 5.51252,1
0.0721492, 0.0838597, 0.363883, 0.247103, 3.29955,0
0.0722032, 0.0840804, 0.363545, 0.247244, 4.87256,1
0.0721693, 0.0841628, 0.363143, 0.247132, 1.56102,0
0.072212, 0.0842364, 0.362942, 0.247052, 1.72218,1
0.0723636, 0.0843451, 0.362815, 0.246996, 0.49051,0
0.0726913, 0.0844841, 0.363073, 0.246994, 0.958936,1
0.0730745, 0.0847194, 0.363297, 0.247053, 0.437341,0
0.0733999, 0.0849084, 0.363199, 0.246967, 4.90082,1
0.0734603, 0.085029, 0.362862, 0.24677, 6.35913,0
0.0735986, 0.0851974, 0.362556, 0.246611, 1.61192,1
0.0736475, 0.0852739, 0.362181, 0.24637, 0.862162,0
0.0736214, 0.0854906, 0.361838, 0.246223, 5.02759,1
0.0735431, 0.0854925, 0.361717, 0.245953, 2.65734,0
0.0734674, 0.0854526, 0.361366, 0.245688, 3.17505,1
0.0734303, 0.08537, 0.361087, 0.245469, 0.530807,0
0.0734079, 0.0852796, 0.360813, 0.245261, 0.38475,1
0.0734525, 0.0852082, 0.360624, 0.245214, 0.618294,0
0.0735355, 0.08515, 0.360425, 0.245152, 0.0241556,1
0.073594, 0.0851469, 0.360183, 0.245158, 1.19512,0
0.0736983, 0.0851903, 0.359999, 0.245182, 0.417065,1
0.0737009, 0.0851241, 0.359657, 0.244943, 1.45321,0
0.0736933, 0.0850704, 0.359279, 0.244702, 0.219787,1
0.0736176, 0.0849873, 0.358931, 0.244515, 2.01051,0
0.0736275, 0.0849042, 0.358701, 0.244341, 7.67915,1
0.0736549, 0.0848182, 0.35847, 0.244177, 0.185159,0
0.0736329, 0.084747, 0.358104, 0.244073, 6.30781,1
0.0735724, 0.0848456, 0.357803, 0.244407, 2.10102,0
0.0735163, 0.0849959, 0.357479, 0.244833, 0.558814,1
0.0736175, 0.0849063, 0.357125, 0.244613, 7.91866,0
0.0736912, 0.0848194, 0.356771, 0.244364, 1.77887,1
0.0737196, 0.0847358, 0.356446, 0.244183, 0.474441,0
0.0737615, 0.0846551, 0.356086, 0.244024, 0.293807,1
0.0738121, 0.0845933, 0.355714, 0.243768, 4.18757,0
0.0738792, 0.0845679, 0.355347, 0.243523, 1.43783,1
0.073861, 0.0844805, 0.355042, 0.243322, 1.58807,0
0.0738262, 0.0843956, 0.354815, 0.243106, 0.52507,1
0.0737822, 0.0843657, 0.354549, 0.242853, 2.31946,0
0.0737709, 0.0843439, 0.35422, 0.242601, 2.82469,1
0.0737105, 0.0843193, 0.353948, 0.242351, 0.603367,0
0.0736773, 0.0842333, 0.353688, 0.242364, 8.19343,1
0.0737519, 0.0841537, 0.353524, 0.242572, 2.64989,0
0.0738199, 0.0840811, 0.353244, 0.242817, 0.399594,1
0.0738121, 0.0840309, 0.352898, 0.243242, 1.09405,0
0.073763, 0.0839494, 0.352723, 0.24327, 6.15456,1
0.0737207, 0.0838725, 0.352467, 0.243136, 2.21192,0
0.0736456, 0.083788, 0.352346, 0.243159, 3.71297,1
0.0735724, 0.083707, 0.352127, 0.243076, 0.891477,0
0.0735007, 0.083624, 0.352029, 0.243114, 2.39384,1
0.0734262, 0.0835457, 0.3518, 0.243013, 1.31184,0
0.0733669, 0.0834717, 0.351686, 0.243145, 6.12314,1
0.0736141, 0.0835577, 0.352277, 0.243884, 3.5865,0
0.0739519, 0.0836399, 0.353004, 0.244505, 1.52928,1
0.0739149, 0.0835839, 0.352803, 0.244597, 7.28176,0
0.0738837, 0.0835329, 0.352713, 0.244614, 2.09447,1
0.07382, 0.083488, 0.352473, 0.244621, 0.807157,0